Timestamp,Sensor 2,Sensor 4,BBox X1,BBox Y1,BBox X2,BBox Y2,MV 1,MV 2,MV 3,MV 4,Left Eye X,Left Eye Y,Right Eye X,Right Eye Y,Nose X,Nose Y,Mouth Left X,Mouth Left Y,Mouth Right X,Mouth Right Y,FHP,Posture
514479165,nan,nan,nan,nan,nan,nan,627,631,585,609,nan,nan,nan,nan,nan,nan,nan,nan,nan,nan,nan,a round shoulder with poking chin posture
514479175,nan,nan,nan,nan,nan,nan,736,739,732,733,nan,nan,nan,nan,nan,nan,nan,nan,nan,nan,nan,a round shoulder with poking chin posture
514479185,613,735,nan,nan,nan,nan,nan,nan,nan,nan,nan,nan,nan,nan,nan,nan,nan,nan,nan,nan,nan,a round shoulder with poking chin posture
514479665,nan,nan,nan,nan,nan,nan,627,631,624,609,nan,nan,nan,nan,nan,nan,nan,nan,nan,nan,nan,a round shoulder with poking chin posture
514479675,nan,nan,nan,nan,nan,nan,736,739,738,733,nan,nan,nan,nan,nan,nan,nan,nan,nan,nan,nan,a round shoulder with poking chin posture
514479685,623,737,nan,nan,nan,nan,nan,nan,nan,nan,nan,nan,nan,nan,nan,nan,nan,nan,nan,nan,nan,a round shoulder with poking chin posture
514479795,nan,nan,nan,nan,nan,nan,nan,nan,nan,nan,104,106,133,112,104,125,97,146,121,152,nan,a round shoulder with poking chin posture
514479875,nan,nan,101,75,179,183,nan,nan,nan,nan,nan,nan,nan,nan,nan,nan,nan,nan,nan,nan,nan,a round shoulder with poking chin posture
514479955,nan,nan,nan,nan,nan,nan,nan,nan,nan,nan,129,120,165,119,148,140,134,158,162,158,nan,a round shoulder with poking chin posture
514480035,nan,nan,nan,nan,nan,nan,nan,nan,nan,nan,133,120,169,121,153,141,136,160,165,161,nan,a round shoulder with poking chin posture
514480165,nan,nan,nan,nan,nan,nan,627,631,624,597,nan,nan,nan,nan,nan,nan,nan,nan,nan,nan,nan,a round shoulder with poking chin posture
514480175,nan,nan,nan,nan,nan,nan,736,739,738,732,nan,nan,nan,nan,nan,nan,nan,nan,nan,nan,nan,a round shoulder with poking chin posture
514480185,620,736,nan,nan,nan,nan,nan,nan,nan,nan,nan,nan,nan,nan,nan,nan,nan,nan,nan,nan,nan,a round shoulder with poking chin posture
514480195,nan,nan,nan,nan,nan,nan,nan,nan,nan,nan,133,122,167,121,152,143,137,160,166,159,nan,a round shoulder with poking chin posture
514480275,nan,nan,108,81,184,186,nan,nan,nan,nan,nan,nan,nan,nan,nan,nan,nan,nan,nan,nan,nan,a round shoulder with poking chin posture
514480355,nan,nan,108,82,187,190,nan,nan,nan,nan,nan,nan,nan,nan,nan,nan,nan,nan,nan,nan,nan,a round shoulder with poking chin posture
514480365,nan,nan,nan,nan,nan,nan,nan,nan,nan,nan,nan,nan,nan,nan,nan,nan,nan,nan,nan,nan,136,a round shoulder with poking chin posture
514480435,nan,nan,106,83,183,190,nan,nan,nan,nan,nan,nan,nan,nan,nan,nan,nan,nan,nan,nan,nan,a round shoulder with poking chin posture
514480515,nan,nan,nan,nan,nan,nan,nan,nan,nan,nan,129,130,165,130,148,151,132,169,163,170,nan,a round shoulder with poking chin posture
514480595,nan,nan,nan,nan,nan,nan,nan,nan,nan,nan,127,132,163,131,149,152,133,172,162,170,nan,a round shoulder with poking chin posture
514480665,nan,nan,nan,nan,nan,nan,nan,nan,nan,nan,nan,nan,nan,nan,nan,nan,nan,nan,nan,nan,nan,a round shoulder with poking chin posture
514480675,nan,nan,nan,nan,nan,nan,728,739,738,732,nan,nan,nan,nan,nan,nan,nan,nan,nan,nan,nan,a round shoulder with poking chin posture
514480705,nan,nan,nan,nan,nan,nan,nan,nan,nan,nan,nan,nan,nan,nan,nan,nan,nan,nan,nan,nan,148,a round shoulder with poking chin posture
514480755,nan,nan,nan,nan,nan,nan,nan,nan,nan,nan,122,136,159,134,143,157,127,176,158,174,nan,a round shoulder with poking chin posture
514480915,nan,nan,nan,nan,nan,nan,nan,nan,nan,nan,121,131,158,129,142,151,127,171,157,169,nan,a round shoulder with poking chin posture
514480995,nan,nan,101,85,175,193,nan,nan,nan,nan,nan,nan,nan,nan,nan,nan,nan,nan,nan,nan,nan,a round shoulder with poking chin posture
514481075,nan,nan,100,86,175,188,nan,nan,nan,nan,nan,nan,nan,nan,nan,nan,nan,nan,nan,nan,nan,a round shoulder with poking chin posture
514481155,nan,nan,nan,nan,nan,nan,nan,nan,nan,nan,123,124,158,123,144,144,127,162,157,161,nan,a round shoulder with poking chin posture
514481165,nan,nan,nan,nan,nan,nan,573,587,624,597,nan,nan,nan,nan,nan,nan,nan,nan,nan,nan,nan,a round shoulder with poking chin posture
514481175,nan,nan,nan,nan,nan,nan,728,734,738,732,nan,nan,nan,nan,nan,nan,nan,nan,nan,nan,nan,a round shoulder with poking chin posture
514481185,595,733,nan,nan,nan,nan,nan,nan,nan,nan,nan,nan,nan,nan,nan,nan,nan,nan,nan,nan,nan,a round shoulder with poking chin posture
514481235,nan,nan,nan,nan,nan,nan,nan,nan,nan,nan,119,123,155,122,140,143,125,162,153,161,nan,a round shoulder with poking chin posture
514481265,nan,nan,nan,nan,nan,nan,nan,nan,nan,nan,nan,nan,nan,nan,nan,nan,nan,nan,nan,nan,158,a round shoulder with poking chin posture
514481315,nan,nan,99,84,178,191,nan,nan,nan,nan,nan,nan,nan,nan,nan,nan,nan,nan,nan,nan,nan,a round shoulder with poking chin posture
514481395,nan,nan,nan,nan,nan,nan,nan,nan,nan,nan,123,125,157,122,144,145,129,163,157,160,nan,a round shoulder with poking chin posture
514481475,nan,nan,97,85,172,191,nan,nan,nan,nan,nan,nan,nan,nan,nan,nan,nan,nan,nan,nan,nan,a round shoulder with poking chin posture
514481555,nan,nan,nan,nan,nan,nan,nan,nan,nan,nan,121,128,157,126,141,149,128,170,156,168,nan,a round shoulder with poking chin posture
514481635,nan,nan,98,92,174,205,nan,nan,nan,nan,nan,nan,nan,nan,nan,nan,nan,nan,nan,nan,nan,a round shoulder with poking chin posture
514481665,nan,nan,nan,nan,nan,nan,nan,nan,nan,nan,nan,nan,nan,nan,nan,nan,nan,nan,nan,nan,nan,a round shoulder with poking chin posture
514481685,nan,nan,nan,nan,nan,nan,nan,nan,nan,nan,nan,nan,nan,nan,nan,nan,nan,nan,nan,nan,169,a round shoulder with poking chin posture
514481715,nan,nan,nan,nan,nan,nan,nan,nan,nan,nan,120,142,159,139,143,162,127,185,159,182,nan,a round shoulder with poking chin posture
514481795,nan,nan,98,96,181,212,nan,nan,nan,nan,nan,nan,nan,nan,nan,nan,nan,nan,nan,nan,nan,a round shoulder with poking chin posture
514481875,nan,nan,99,95,179,210,nan,nan,nan,nan,nan,nan,nan,nan,nan,nan,nan,nan,nan,nan,nan,a round shoulder with poking chin posture
514481945,nan,nan,102,95,181,208,nan,nan,nan,nan,nan,nan,nan,nan,nan,nan,nan,nan,nan,nan,nan,a round shoulder with poking chin posture
514481965,nan,nan,nan,nan,nan,nan,nan,nan,nan,nan,nan,nan,nan,nan,nan,nan,nan,nan,nan,nan,169,a round shoulder with poking chin posture
514482035,nan,nan,nan,nan,nan,nan,nan,nan,nan,nan,122,138,160,137,144,158,127,180,157,180,nan,a round shoulder with poking chin posture
514482065,nan,nan,nan,nan,nan,nan,nan,nan,nan,nan,nan,nan,nan,nan,nan,nan,nan,nan,nan,nan,169,a round shoulder with poking chin posture
514482115,nan,nan,nan,nan,nan,nan,nan,nan,nan,nan,121,141,160,140,143,159,127,183,156,182,nan,a round shoulder with poking chin posture
514482165,nan,nan,nan,nan,nan,nan,573,587,565,562,nan,nan,nan,nan,nan,nan,nan,nan,nan,nan,nan,a round shoulder with poking chin posture
514482175,nan,nan,nan,nan,nan,nan,728,734,726,713,nan,nan,nan,nan,nan,nan,nan,nan,nan,nan,nan,a round shoulder with poking chin posture
514482185,572,725,nan,nan,nan,nan,nan,nan,nan,nan,nan,nan,nan,nan,nan,nan,nan,nan,nan,nan,nan,a round shoulder with poking chin posture
514482195,nan,nan,99,96,178,213,nan,nan,nan,nan,nan,nan,nan,nan,nan,nan,nan,nan,nan,nan,nan,a round shoulder with poking chin posture
514482265,nan,nan,98,96,178,211,nan,nan,nan,nan,nan,nan,nan,nan,nan,nan,nan,nan,nan,nan,nan,a round shoulder with poking chin posture
514482435,nan,nan,nan,nan,nan,nan,nan,nan,nan,nan,118,142,155,140,137,161,124,183,155,182,nan,a round shoulder with poking chin posture
514482465,nan,nan,nan,nan,nan,nan,nan,nan,nan,nan,nan,nan,nan,nan,nan,nan,nan,nan,nan,nan,173,a round shoulder with poking chin posture
514482515,nan,nan,nan,nan,nan,nan,nan,nan,nan,nan,118,142,158,140,139,161,125,184,155,182,nan,a round shoulder with poking chin posture
514482585,nan,nan,99,97,182,216,nan,nan,nan,nan,nan,nan,nan,nan,nan,nan,nan,nan,nan,nan,nan,a round shoulder with poking chin posture
514482665,nan,nan,nan,nan,nan,nan,563,587,565,562,nan,nan,nan,nan,nan,nan,nan,nan,nan,nan,nan,a round shoulder with poking chin posture
514482675,nan,nan,101,98,178,215,nan,nan,nan,nan,nan,nan,nan,nan,nan,nan,nan,nan,nan,nan,nan,a round shoulder with poking chin posture
514482685,nan,nan,nan,nan,nan,nan,nan,nan,nan,nan,118,143,156,142,138,163,124,184,156,184,nan,a round shoulder with poking chin posture
514482705,569,717,nan,nan,nan,nan,nan,nan,nan,nan,nan,nan,nan,nan,nan,nan,nan,nan,nan,nan,nan,a round shoulder with poking chin posture
514482755,nan,nan,nan,nan,nan,nan,nan,nan,nan,nan,119,144,156,141,140,163,126,186,156,184,nan,a round shoulder with poking chin posture
514482865,nan,nan,nan,nan,nan,nan,nan,nan,nan,nan,nan,nan,nan,nan,nan,nan,nan,nan,nan,nan,168,a round shoulder with poking chin posture
514482905,nan,nan,nan,nan,nan,nan,nan,nan,nan,nan,119,145,158,143,140,166,126,187,157,185,nan,a round shoulder with poking chin posture
514482995,nan,nan,nan,nan,nan,nan,nan,nan,nan,nan,120,144,158,142,140,164,127,186,158,184,nan,a round shoulder with poking chin posture
514483065,nan,nan,nan,nan,nan,nan,nan,nan,nan,nan,120,146,158,143,142,165,127,188,157,186,168,a round shoulder with poking chin posture
514483145,nan,nan,nan,nan,nan,nan,nan,nan,nan,nan,120,145,161,144,143,166,125,188,158,187,nan,a round shoulder with poking chin posture
514483165,nan,nan,nan,nan,nan,nan,563,551,565,562,nan,nan,nan,nan,nan,nan,nan,nan,nan,nan,nan,a round shoulder with poking chin posture
514483175,nan,nan,nan,nan,nan,nan,693,691,726,713,nan,nan,nan,nan,nan,nan,nan,nan,nan,nan,nan,a round shoulder with poking chin posture
514483185,560,706,nan,nan,nan,nan,nan,nan,nan,nan,nan,nan,nan,nan,nan,nan,nan,nan,nan,nan,nan,a round shoulder with poking chin posture
514483235,nan,nan,100,99,184,216,nan,nan,nan,nan,nan,nan,nan,nan,nan,nan,nan,nan,nan,nan,nan,a round shoulder with poking chin posture
514483315,nan,nan,nan,nan,nan,nan,nan,nan,nan,nan,122,147,159,145,142,169,128,189,159,187,nan,a round shoulder with poking chin posture
514483385,nan,nan,nan,nan,nan,nan,nan,nan,nan,nan,121,150,160,147,144,170,128,189,160,187,nan,a round shoulder with poking chin posture
514483465,nan,nan,103,102,186,218,nan,nan,nan,nan,nan,nan,nan,nan,nan,nan,nan,nan,nan,nan,nan,a round shoulder with poking chin posture
514483545,nan,nan,nan,nan,nan,nan,nan,nan,nan,nan,125,150,162,148,146,172,131,191,161,190,nan,a round shoulder with poking chin posture
514483625,nan,nan,nan,nan,nan,nan,nan,nan,nan,nan,124,151,164,150,145,172,130,193,162,192,nan,a round shoulder with poking chin posture
514483665,nan,nan,nan,nan,nan,nan,563,551,548,562,nan,nan,nan,nan,nan,nan,nan,nan,nan,nan,nan,a round shoulder with poking chin posture
514483675,nan,nan,nan,nan,nan,nan,693,691,690,713,nan,nan,nan,nan,nan,nan,nan,nan,nan,nan,nan,a round shoulder with poking chin posture
514483685,556,697,nan,nan,nan,nan,nan,nan,nan,nan,nan,nan,nan,nan,nan,nan,nan,nan,nan,nan,nan,a round shoulder with poking chin posture
514483715,nan,nan,104,102,189,220,nan,nan,nan,nan,nan,nan,nan,nan,nan,nan,nan,nan,nan,nan,nan,a round shoulder with poking chin posture
514483765,nan,nan,nan,nan,nan,nan,nan,nan,nan,nan,nan,nan,nan,nan,nan,nan,nan,nan,nan,nan,161,a round shoulder with poking chin posture
514483785,nan,nan,103,103,188,224,nan,nan,nan,nan,nan,nan,nan,nan,nan,nan,nan,nan,nan,nan,nan,a round shoulder with poking chin posture
514483865,nan,nan,102,102,190,222,nan,nan,nan,nan,nan,nan,nan,nan,nan,nan,nan,nan,nan,nan,nan,a round shoulder with poking chin posture
514483945,nan,nan,nan,nan,nan,nan,nan,nan,nan,nan,124,151,163,149,147,172,130,191,162,190,nan,a round shoulder with poking chin posture
514484025,nan,nan,102,102,187,222,nan,nan,nan,nan,nan,nan,nan,nan,nan,nan,nan,nan,nan,nan,nan,a round shoulder with poking chin posture
514484105,nan,nan,nan,nan,nan,nan,nan,nan,nan,nan,125,150,164,148,144,170,131,191,163,189,nan,a round shoulder with poking chin posture
514484165,nan,nan,nan,nan,nan,nan,563,551,548,549,nan,nan,nan,nan,nan,nan,nan,nan,nan,nan,nan,a round shoulder with poking chin posture
514484175,nan,nan,nan,nan,nan,nan,693,691,690,689,nan,nan,nan,nan,nan,nan,nan,nan,nan,nan,nan,a round shoulder with poking chin posture
514484185,553,691,nan,nan,nan,nan,nan,nan,nan,nan,nan,nan,nan,nan,nan,nan,nan,nan,nan,nan,nan,a round shoulder with poking chin posture
514484195,nan,nan,102,103,186,221,nan,nan,nan,nan,nan,nan,nan,nan,nan,nan,nan,nan,nan,nan,nan,a round shoulder with poking chin posture
514484265,nan,nan,103,103,185,220,nan,nan,nan,nan,nan,nan,nan,nan,nan,nan,nan,nan,nan,nan,nan,a round shoulder with poking chin posture
514484425,nan,nan,nan,nan,nan,nan,nan,nan,nan,nan,125,151,164,149,146,171,130,191,164,189,nan,a round shoulder with poking chin posture
514484465,nan,nan,nan,nan,nan,nan,nan,nan,nan,nan,nan,nan,nan,nan,nan,nan,nan,nan,nan,nan,158,a round shoulder with poking chin posture
514484505,nan,nan,nan,nan,nan,nan,nan,nan,nan,nan,125,152,163,149,146,171,131,191,163,189,nan,a round shoulder with poking chin posture
514484565,nan,nan,nan,nan,nan,nan,nan,nan,nan,nan,nan,nan,nan,nan,nan,nan,nan,nan,nan,nan,158,a round shoulder with poking chin posture
514484585,nan,nan,102,102,185,219,nan,nan,nan,nan,nan,nan,nan,nan,nan,nan,nan,nan,nan,nan,nan,a round shoulder with poking chin posture
514484665,nan,nan,nan,nan,nan,nan,548,551,548,549,nan,nan,nan,nan,nan,nan,nan,nan,nan,nan,nan,a round shoulder with poking chin posture
514484675,nan,nan,102,102,184,219,nan,nan,nan,nan,nan,nan,nan,nan,nan,nan,nan,nan,nan,nan,nan,a round shoulder with poking chin posture
514484685,nan,nan,nan,nan,nan,nan,nan,nan,nan,nan,124,150,162,148,145,170,128,190,161,189,nan,a round shoulder with poking chin posture
514484705,549,690,nan,nan,nan,nan,nan,nan,nan,nan,nan,nan,nan,nan,nan,nan,nan,nan,nan,nan,nan,a round shoulder with poking chin posture
514484755,nan,nan,103,103,184,218,nan,nan,nan,nan,nan,nan,nan,nan,nan,nan,nan,nan,nan,nan,nan,a round shoulder with poking chin posture
514484765,nan,nan,nan,nan,nan,nan,nan,nan,nan,nan,nan,nan,nan,nan,nan,nan,nan,nan,nan,nan,161,a round shoulder with poking chin posture
514484865,nan,nan,nan,nan,nan,nan,nan,nan,nan,nan,nan,nan,nan,nan,nan,nan,nan,nan,nan,nan,161,a round shoulder with poking chin posture
514484905,nan,nan,nan,nan,nan,nan,nan,nan,nan,nan,125,152,163,152,145,172,130,191,162,190,nan,a round shoulder with poking chin posture
514484985,nan,nan,nan,nan,nan,nan,nan,nan,nan,nan,124,151,163,149,145,171,130,191,161,190,nan,a round shoulder with poking chin posture
514485065,nan,nan,102,103,186,219,nan,nan,nan,nan,nan,nan,nan,nan,nan,nan,nan,nan,nan,nan,nan,a round shoulder with poking chin posture
514485145,nan,nan,103,106,187,222,nan,nan,nan,nan,nan,nan,nan,nan,nan,nan,nan,nan,nan,nan,nan,a round shoulder with poking chin posture
514485165,nan,nan,nan,nan,nan,nan,nan,nan,nan,nan,nan,nan,nan,nan,nan,nan,nan,nan,nan,nan,nan,a round shoulder with poking chin posture
514485175,nan,nan,nan,nan,nan,nan,nan,nan,nan,nan,nan,nan,nan,nan,nan,nan,nan,nan,nan,nan,nan,a round shoulder with poking chin posture
514485195,nan,nan,nan,nan,nan,nan,nan,nan,nan,nan,nan,nan,nan,nan,nan,nan,nan,nan,nan,nan,161,a round shoulder with poking chin posture
514485235,nan,nan,102,105,188,220,nan,nan,nan,nan,nan,nan,nan,nan,nan,nan,nan,nan,nan,nan,nan,a round shoulder with poking chin posture
514485305,nan,nan,nan,nan,nan,nan,nan,nan,nan,nan,123,152,162,149,145,171,131,192,161,190,nan,a round shoulder with poking chin posture
514485385,nan,nan,nan,nan,nan,nan,nan,nan,nan,nan,123,153,162,149,145,171,130,193,161,190,nan,a round shoulder with poking chin posture
514485465,nan,nan,103,105,187,222,nan,nan,nan,nan,nan,nan,nan,nan,nan,nan,nan,nan,nan,nan,nan,a round shoulder with poking chin posture
514485545,nan,nan,101,104,186,220,nan,nan,nan,nan,nan,nan,nan,nan,nan,nan,nan,nan,nan,nan,nan,a round shoulder with poking chin posture
514485565,nan,nan,nan,nan,nan,nan,nan,nan,nan,nan,nan,nan,nan,nan,nan,nan,nan,nan,nan,nan,161,a round shoulder with poking chin posture
514485625,nan,nan,nan,nan,nan,nan,nan,nan,nan,nan,122,151,162,150,145,172,128,191,162,190,nan,a round shoulder with poking chin posture
514485665,nan,nan,nan,nan,nan,nan,nan,nan,nan,nan,nan,nan,nan,nan,nan,nan,nan,nan,nan,nan,nan,a round shoulder with poking chin posture
514485685,nan,nan,nan,nan,nan,nan,nan,nan,nan,nan,nan,nan,nan,nan,nan,nan,nan,nan,nan,nan,161,a round shoulder with poking chin posture
514485715,nan,nan,nan,nan,nan,nan,nan,nan,nan,nan,122,153,162,149,144,171,129,192,162,189,nan,a round shoulder with poking chin posture
514485785,nan,nan,nan,nan,nan,nan,nan,nan,nan,nan,125,154,163,153,146,175,129,194,162,192,nan,a round shoulder with poking chin posture
514485865,nan,nan,nan,nan,nan,nan,nan,nan,nan,nan,122,155,163,154,144,173,128,194,162,193,161,a round shoulder with poking chin posture
514485945,nan,nan,nan,nan,nan,nan,nan,nan,nan,nan,123,155,163,155,144,173,128,194,161,193,nan,a round shoulder with poking chin posture
514486025,nan,nan,103,104,185,221,nan,nan,nan,nan,nan,nan,nan,nan,nan,nan,nan,nan,nan,nan,nan,a round shoulder with poking chin posture
514486105,nan,nan,nan,nan,nan,nan,nan,nan,nan,nan,122,150,161,150,144,174,128,192,160,191,nan,a round shoulder with poking chin posture
514486165,nan,nan,nan,nan,nan,nan,548,548,546,546,nan,nan,nan,nan,nan,nan,nan,nan,nan,nan,nan,a round shoulder with poking chin posture
514486175,nan,nan,nan,nan,nan,nan,690,688,688,689,nan,nan,nan,nan,nan,nan,nan,nan,nan,nan,nan,a round shoulder with poking chin posture
514486185,547,689,103,104,186,224,nan,nan,nan,nan,nan,nan,nan,nan,nan,nan,nan,nan,nan,nan,nan,a round shoulder with poking chin posture
514486265,nan,nan,101,104,185,219,nan,nan,nan,nan,nan,nan,nan,nan,nan,nan,nan,nan,nan,nan,nan,a round shoulder with poking chin posture
514486425,nan,nan,102,103,185,222,nan,nan,nan,nan,nan,nan,nan,nan,nan,nan,nan,nan,nan,nan,nan,a round shoulder with poking chin posture
514486505,nan,nan,103,104,185,221,nan,nan,nan,nan,nan,nan,nan,nan,nan,nan,nan,nan,nan,nan,nan,a round shoulder with poking chin posture
514486585,nan,nan,101,106,184,221,nan,nan,nan,nan,nan,nan,nan,nan,nan,nan,nan,nan,nan,nan,nan,a round shoulder with poking chin posture
514486665,nan,nan,102,104,187,223,543,548,546,546,nan,nan,nan,nan,nan,nan,nan,nan,nan,nan,nan,a round shoulder with poking chin posture
514486685,nan,nan,nan,nan,nan,nan,nan,nan,nan,nan,123,152,161,150,142,173,129,192,161,191,nan,a round shoulder with poking chin posture
514486705,546,688,nan,nan,nan,nan,nan,nan,nan,nan,nan,nan,nan,nan,nan,nan,nan,nan,nan,nan,nan,a round shoulder with poking chin posture
514486755,nan,nan,105,105,186,222,nan,nan,nan,nan,nan,nan,nan,nan,nan,nan,nan,nan,nan,nan,nan,a round shoulder with poking chin posture
514486765,nan,nan,nan,nan,nan,nan,nan,nan,nan,nan,nan,nan,nan,nan,nan,nan,nan,nan,nan,nan,162,a round shoulder with poking chin posture
514486865,nan,nan,nan,nan,nan,nan,nan,nan,nan,nan,nan,nan,nan,nan,nan,nan,nan,nan,nan,nan,162,a round shoulder with poking chin posture
514486905,nan,nan,nan,nan,nan,nan,nan,nan,nan,nan,123,150,162,151,141,171,127,191,158,192,nan,a round shoulder with poking chin posture
514486985,nan,nan,nan,nan,nan,nan,nan,nan,nan,nan,123,152,162,150,143,172,128,192,160,192,nan,a round shoulder with poking chin posture
514487065,nan,nan,102,106,184,220,nan,nan,nan,nan,nan,nan,nan,nan,nan,nan,nan,nan,nan,nan,nan,a round shoulder with poking chin posture
514487145,nan,nan,nan,nan,nan,nan,nan,nan,nan,nan,122,153,162,150,144,171,130,194,161,192,nan,a round shoulder with poking chin posture
514487165,nan,nan,nan,nan,nan,nan,543,544,546,546,nan,nan,nan,nan,nan,nan,nan,nan,nan,nan,nan,a round shoulder with poking chin posture
514487175,nan,nan,nan,nan,nan,nan,688,689,688,689,nan,nan,nan,nan,nan,nan,nan,nan,nan,nan,nan,a round shoulder with poking chin posture
514487185,545,689,nan,nan,nan,nan,nan,nan,nan,nan,nan,nan,nan,nan,nan,nan,nan,nan,nan,nan,nan,a round shoulder with poking chin posture
514487235,nan,nan,nan,nan,nan,nan,nan,nan,nan,nan,122,152,162,149,144,171,130,193,161,190,nan,a round shoulder with poking chin posture
514487305,nan,nan,nan,nan,nan,nan,nan,nan,nan,nan,122,152,162,150,144,175,128,194,162,193,nan,a round shoulder with poking chin posture
514487385,nan,nan,101,105,183,226,nan,nan,nan,nan,nan,nan,nan,nan,nan,nan,nan,nan,nan,nan,nan,a round shoulder with poking chin posture
514487465,nan,nan,nan,nan,nan,nan,nan,nan,nan,nan,121,151,161,150,142,171,128,193,160,192,164,a round shoulder with poking chin posture
514487545,nan,nan,nan,nan,nan,nan,nan,nan,nan,nan,121,152,161,150,142,171,128,193,160,191,nan,a round shoulder with poking chin posture
514487625,nan,nan,103,107,184,224,nan,nan,nan,nan,nan,nan,nan,nan,nan,nan,nan,nan,nan,nan,nan,a round shoulder with poking chin posture
514487665,nan,nan,nan,nan,nan,nan,543,544,543,546,nan,nan,nan,nan,nan,nan,nan,nan,nan,nan,nan,a round shoulder with poking chin posture
514487675,nan,nan,nan,nan,nan,nan,688,689,688,689,nan,nan,nan,nan,nan,nan,nan,nan,nan,nan,nan,a round shoulder with poking chin posture
514487685,544,689,nan,nan,nan,nan,nan,nan,nan,nan,nan,nan,nan,nan,nan,nan,nan,nan,nan,nan,nan,a round shoulder with poking chin posture
514487715,nan,nan,101,107,185,224,nan,nan,nan,nan,nan,nan,nan,nan,nan,nan,nan,nan,nan,nan,nan,a round shoulder with poking chin posture
514487785,nan,nan,nan,nan,nan,nan,nan,nan,nan,nan,121,152,161,149,143,173,128,194,161,192,nan,a round shoulder with poking chin posture
514487865,nan,nan,102,104,184,225,nan,nan,nan,nan,nan,nan,nan,nan,nan,nan,nan,nan,nan,nan,nan,a round shoulder with poking chin posture
514487965,nan,nan,nan,nan,nan,nan,nan,nan,nan,nan,nan,nan,nan,nan,nan,nan,nan,nan,nan,nan,165,a round shoulder with poking chin posture
514488025,nan,nan,nan,nan,nan,nan,nan,nan,nan,nan,122,154,159,152,142,173,127,193,161,191,nan,a round shoulder with poking chin posture
514488105,nan,nan,nan,nan,nan,nan,nan,nan,nan,nan,120,152,160,150,140,173,125,192,160,191,nan,a round shoulder with poking chin posture
514488165,nan,nan,nan,nan,nan,nan,543,544,543,543,nan,nan,nan,nan,nan,nan,nan,nan,nan,nan,nan,a round shoulder with poking chin posture
514488175,nan,nan,nan,nan,nan,nan,688,689,688,686,nan,nan,nan,nan,nan,nan,nan,nan,nan,nan,nan,a round shoulder with poking chin posture
514488185,543,688,nan,nan,nan,nan,nan,nan,nan,nan,nan,nan,nan,nan,nan,nan,nan,nan,nan,nan,165,a round shoulder with poking chin posture
514488265,nan,nan,100,106,185,227,nan,nan,nan,nan,nan,nan,nan,nan,nan,nan,nan,nan,nan,nan,nan,a round shoulder with poking chin posture
514488365,nan,nan,nan,nan,nan,nan,nan,nan,nan,nan,nan,nan,nan,nan,nan,nan,nan,nan,nan,nan,165,a round shoulder with poking chin posture
514488425,nan,nan,nan,nan,nan,nan,nan,nan,nan,nan,121,152,159,152,139,176,125,194,158,193,nan,a round shoulder with poking chin posture
514488505,nan,nan,101,106,182,224,nan,nan,nan,nan,nan,nan,nan,nan,nan,nan,nan,nan,nan,nan,nan,a round shoulder with poking chin posture
514488585,nan,nan,nan,nan,nan,nan,nan,nan,nan,nan,119,154,159,151,142,174,125,195,159,192,nan,a round shoulder with poking chin posture
514488665,nan,nan,nan,nan,nan,nan,544,544,543,543,nan,nan,nan,nan,nan,nan,nan,nan,nan,nan,nan,a round shoulder with poking chin posture
514488685,nan,nan,nan,nan,nan,nan,687,689,688,686,nan,nan,nan,nan,nan,nan,nan,nan,nan,nan,nan,a round shoulder with poking chin posture
514488705,544,688,nan,nan,nan,nan,nan,nan,nan,nan,nan,nan,nan,nan,nan,nan,nan,nan,nan,nan,nan,a round shoulder with poking chin posture
514488755,nan,nan,102,106,183,216,nan,nan,nan,nan,nan,nan,nan,nan,nan,nan,nan,nan,nan,nan,nan,a round shoulder with poking chin posture
514488765,nan,nan,nan,nan,nan,nan,nan,nan,nan,nan,nan,nan,nan,nan,nan,nan,nan,nan,nan,nan,164,a round shoulder with poking chin posture
514488905,nan,nan,102,94,181,201,nan,nan,nan,nan,nan,nan,nan,nan,nan,nan,nan,nan,nan,nan,nan,a round shoulder with poking chin posture
514503305,nan,nan,nan,nan,nan,nan,nan,nan,nan,nan,117,105,149,102,134,123,124,142,147,140,nan,an upright neutral posture
514503385,nan,nan,96,66,166,162,nan,nan,nan,nan,nan,nan,nan,nan,nan,nan,nan,nan,nan,nan,nan,an upright neutral posture
514503465,nan,nan,nan,nan,nan,nan,nan,nan,nan,nan,117,106,150,101,137,121,125,142,151,137,nan,an upright neutral posture
514503545,nan,nan,96,62,167,164,nan,nan,nan,nan,nan,nan,nan,nan,nan,nan,nan,nan,nan,nan,nan,an upright neutral posture
514503665,nan,nan,nan,nan,nan,nan,654,646,654,656,nan,nan,nan,nan,nan,nan,nan,nan,nan,nan,nan,an upright neutral posture
514503675,nan,nan,nan,nan,nan,nan,734,734,731,741,nan,nan,nan,nan,nan,nan,nan,nan,nan,nan,nan,an upright neutral posture
514503685,653,735,nan,nan,nan,nan,nan,nan,nan,nan,nan,nan,nan,nan,nan,nan,nan,nan,nan,nan,nan,an upright neutral posture
514503705,nan,nan,nan,nan,nan,nan,nan,nan,nan,nan,118,103,151,101,138,122,126,140,150,138,nan,an upright neutral posture
514503765,nan,nan,nan,nan,nan,nan,nan,nan,nan,nan,nan,nan,nan,nan,nan,nan,nan,nan,nan,nan,102,an upright neutral posture
514503785,nan,nan,96,63,165,162,nan,nan,nan,nan,nan,nan,nan,nan,nan,nan,nan,nan,nan,nan,nan,an upright neutral posture
514503865,nan,nan,98,65,166,162,nan,nan,nan,nan,nan,nan,nan,nan,nan,nan,nan,nan,nan,nan,102,an upright neutral posture
514503945,nan,nan,98,65,168,163,nan,nan,nan,nan,nan,nan,nan,nan,nan,nan,nan,nan,nan,nan,nan,an upright neutral posture
514504025,nan,nan,nan,nan,nan,nan,nan,nan,nan,nan,119,104,149,100,137,122,126,140,149,136,nan,an upright neutral posture
514504065,nan,nan,nan,nan,nan,nan,nan,nan,nan,nan,nan,nan,nan,nan,nan,nan,nan,nan,nan,nan,102,an upright neutral posture
514504105,nan,nan,nan,nan,nan,nan,nan,nan,nan,nan,121,103,149,101,137,122,124,138,148,137,nan,an upright neutral posture
514504165,nan,nan,nan,nan,nan,nan,654,646,654,658,nan,nan,nan,nan,nan,nan,nan,nan,nan,nan,nan,an upright neutral posture
514504175,nan,nan,nan,nan,nan,nan,734,734,731,729,nan,nan,nan,nan,nan,nan,nan,nan,nan,nan,nan,an upright neutral posture
514504185,653,732,nan,nan,nan,nan,nan,nan,nan,nan,nan,nan,nan,nan,nan,nan,nan,nan,nan,nan,99,an upright neutral posture
514504265,nan,nan,96,65,169,165,nan,nan,nan,nan,nan,nan,nan,nan,nan,nan,nan,nan,nan,nan,nan,an upright neutral posture
514504365,nan,nan,nan,nan,nan,nan,nan,nan,nan,nan,nan,nan,nan,nan,nan,nan,nan,nan,nan,nan,99,an upright neutral posture
514504425,nan,nan,nan,nan,nan,nan,nan,nan,nan,nan,120,103,150,100,137,120,127,138,150,136,nan,an upright neutral posture
514504505,nan,nan,nan,nan,nan,nan,nan,nan,nan,nan,119,103,151,101,137,123,124,139,150,138,nan,an upright neutral posture
514504565,nan,nan,nan,nan,nan,nan,nan,nan,nan,nan,nan,nan,nan,nan,nan,nan,nan,nan,nan,nan,99,an upright neutral posture
514504585,nan,nan,98,65,165,163,nan,nan,nan,nan,nan,nan,nan,nan,nan,nan,nan,nan,nan,nan,nan,an upright neutral posture
514504665,nan,nan,nan,nan,nan,nan,nan,nan,nan,nan,119,103,151,101,138,122,126,139,151,137,nan,an upright neutral posture
514504675,nan,nan,nan,nan,nan,nan,656,646,654,658,nan,nan,nan,nan,nan,nan,nan,nan,nan,nan,nan,an upright neutral posture
514504685,nan,nan,nan,nan,nan,nan,730,734,731,729,nan,nan,nan,nan,nan,nan,nan,nan,nan,nan,nan,an upright neutral posture
514504695,654,731,nan,nan,nan,nan,nan,nan,nan,nan,nan,nan,nan,nan,nan,nan,nan,nan,nan,nan,nan,an upright neutral posture
514504745,nan,nan,98,65,167,163,nan,nan,nan,nan,nan,nan,nan,nan,nan,nan,nan,nan,nan,nan,nan,an upright neutral posture
514504765,nan,nan,nan,nan,nan,nan,nan,nan,nan,nan,nan,nan,nan,nan,nan,nan,nan,nan,nan,nan,97,an upright neutral posture
514504825,nan,nan,97,64,167,163,nan,nan,nan,nan,nan,nan,nan,nan,nan,nan,nan,nan,nan,nan,nan,an upright neutral posture
514504905,nan,nan,nan,nan,nan,nan,nan,nan,nan,nan,120,103,151,101,137,122,125,139,151,137,nan,an upright neutral posture
514504965,nan,nan,nan,nan,nan,nan,nan,nan,nan,nan,nan,nan,nan,nan,nan,nan,nan,nan,nan,nan,97,an upright neutral posture
514504985,nan,nan,nan,nan,nan,nan,nan,nan,nan,nan,120,103,151,101,138,123,125,140,151,138,nan,an upright neutral posture
514505065,nan,nan,nan,nan,nan,nan,nan,nan,nan,nan,118,103,152,100,137,122,124,140,151,138,nan,an upright neutral posture
514505145,nan,nan,98,67,168,164,nan,nan,nan,nan,nan,nan,nan,nan,nan,nan,nan,nan,nan,nan,nan,an upright neutral posture
514505165,nan,nan,nan,nan,nan,nan,656,650,654,658,nan,nan,nan,nan,nan,nan,nan,nan,nan,nan,nan,an upright neutral posture
514505175,nan,nan,nan,nan,nan,nan,730,729,731,729,nan,nan,nan,nan,nan,nan,nan,nan,nan,nan,nan,an upright neutral posture
514505185,655,730,nan,nan,nan,nan,nan,nan,nan,nan,nan,nan,nan,nan,nan,nan,nan,nan,nan,nan,nan,an upright neutral posture
514505225,nan,nan,nan,nan,nan,nan,nan,nan,nan,nan,118,104,150,102,136,121,124,141,149,140,nan,an upright neutral posture
514505305,nan,nan,nan,nan,nan,nan,nan,nan,nan,nan,117,105,149,102,135,121,123,141,151,139,nan,an upright neutral posture
514505385,nan,nan,nan,nan,nan,nan,nan,nan,nan,nan,116,104,149,101,135,121,123,141,150,138,nan,an upright neutral posture
514505465,nan,nan,nan,nan,nan,nan,nan,nan,nan,nan,119,102,150,102,136,122,121,137,148,139,nan,an upright neutral posture
514505545,nan,nan,nan,nan,nan,nan,nan,nan,nan,nan,118,104,150,102,137,122,125,140,151,138,nan,an upright neutral posture
514505625,nan,nan,nan,nan,nan,nan,nan,nan,nan,nan,119,104,152,101,139,122,126,140,152,137,nan,an upright neutral posture
514505665,nan,nan,nan,nan,nan,nan,656,650,649,658,nan,nan,nan,nan,nan,nan,nan,nan,nan,nan,nan,an upright neutral posture
514505675,nan,nan,nan,nan,nan,nan,730,729,729,729,nan,nan,nan,nan,nan,nan,nan,nan,nan,nan,nan,an upright neutral posture
514505685,653,729,nan,nan,nan,nan,nan,nan,nan,nan,nan,nan,nan,nan,nan,nan,nan,nan,nan,nan,nan,an upright neutral posture
514505705,nan,nan,99,65,168,162,nan,nan,nan,nan,nan,nan,nan,nan,nan,nan,nan,nan,nan,nan,nan,an upright neutral posture
514505765,nan,nan,nan,nan,nan,nan,nan,nan,nan,nan,nan,nan,nan,nan,nan,nan,nan,nan,nan,nan,96,an upright neutral posture
514505785,nan,nan,98,64,167,163,nan,nan,nan,nan,nan,nan,nan,nan,nan,nan,nan,nan,nan,nan,nan,an upright neutral posture
514505865,nan,nan,nan,nan,nan,nan,nan,nan,nan,nan,116,103,151,100,136,120,123,140,151,138,nan,an upright neutral posture
514505945,nan,nan,95,64,166,164,nan,nan,nan,nan,nan,nan,nan,nan,nan,nan,nan,nan,nan,nan,nan,an upright neutral posture
514506025,nan,nan,nan,nan,nan,nan,nan,nan,nan,nan,116,103,151,100,136,120,122,140,151,139,nan,an upright neutral posture
514506105,nan,nan,nan,nan,nan,nan,nan,nan,nan,nan,117,103,151,100,138,120,124,140,150,139,nan,an upright neutral posture
514506165,nan,nan,nan,nan,nan,nan,nan,nan,nan,nan,nan,nan,nan,nan,nan,nan,nan,nan,nan,nan,nan,an upright neutral posture
514506185,651,729,nan,nan,nan,nan,nan,nan,nan,nan,nan,nan,nan,nan,nan,nan,nan,nan,nan,nan,nan,an upright neutral posture
514506195,nan,nan,nan,nan,nan,nan,nan,nan,nan,nan,nan,nan,nan,nan,nan,nan,nan,nan,nan,nan,98,an upright neutral posture
514506265,nan,nan,101,66,167,163,nan,nan,nan,nan,nan,nan,nan,nan,nan,nan,nan,nan,nan,nan,98,an upright neutral posture
514506415,nan,nan,99,65,170,168,nan,nan,nan,nan,nan,nan,nan,nan,nan,nan,nan,nan,nan,nan,nan,an upright neutral posture
514506505,nan,nan,nan,nan,nan,nan,nan,nan,nan,nan,119,106,152,102,137,122,125,142,151,140,nan,an upright neutral posture
514506665,nan,nan,nan,nan,nan,nan,nan,nan,nan,nan,117,105,150,103,136,123,124,141,152,139,nan,an upright neutral posture
514506675,nan,nan,nan,nan,nan,nan,648,650,649,649,nan,nan,nan,nan,nan,nan,nan,nan,nan,nan,nan,an upright neutral posture
514506685,nan,nan,nan,nan,nan,nan,727,729,729,727,nan,nan,nan,nan,nan,nan,nan,nan,nan,nan,nan,an upright neutral posture
514506695,649,728,nan,nan,nan,nan,nan,nan,nan,nan,nan,nan,nan,nan,nan,nan,nan,nan,nan,nan,nan,an upright neutral posture
514506745,nan,nan,98,65,168,167,nan,nan,nan,nan,nan,nan,nan,nan,nan,nan,nan,nan,nan,nan,nan,an upright neutral posture
514506825,nan,nan,nan,nan,nan,nan,nan,nan,nan,nan,116,104,151,102,135,123,122,143,149,141,nan,an upright neutral posture
514506865,nan,nan,nan,nan,nan,nan,nan,nan,nan,nan,nan,nan,nan,nan,nan,nan,nan,nan,nan,nan,99,an upright neutral posture
514506905,nan,nan,99,65,169,164,nan,nan,nan,nan,nan,nan,nan,nan,nan,nan,nan,nan,nan,nan,nan,an upright neutral posture
514506985,nan,nan,nan,nan,nan,nan,nan,nan,nan,nan,117,104,151,101,135,121,122,141,150,139,nan,an upright neutral posture
514507065,nan,nan,nan,nan,nan,nan,nan,nan,nan,nan,116,106,149,102,136,122,124,144,150,141,nan,an upright neutral posture
514507145,nan,nan,nan,nan,nan,nan,nan,nan,nan,nan,117,105,150,102,136,122,124,142,148,141,nan,an upright neutral posture
514507165,nan,nan,nan,nan,nan,nan,648,643,649,649,nan,nan,nan,nan,nan,nan,nan,nan,nan,nan,nan,an upright neutral posture
514507175,nan,nan,nan,nan,nan,nan,727,728,729,727,nan,nan,nan,nan,nan,nan,nan,nan,nan,nan,nan,an upright neutral posture
514507185,647,728,nan,nan,nan,nan,nan,nan,nan,nan,nan,nan,nan,nan,nan,nan,nan,nan,nan,nan,nan,an upright neutral posture
514507225,nan,nan,96,63,166,163,nan,nan,nan,nan,nan,nan,nan,nan,nan,nan,nan,nan,nan,nan,nan,an upright neutral posture
514507305,nan,nan,nan,nan,nan,nan,nan,nan,nan,nan,117,105,150,101,136,122,124,142,150,139,nan,an upright neutral posture
514507365,nan,nan,nan,nan,nan,nan,nan,nan,nan,nan,nan,nan,nan,nan,nan,nan,nan,nan,nan,nan,101,an upright neutral posture
514507385,nan,nan,nan,nan,nan,nan,nan,nan,nan,nan,116,105,149,101,137,122,125,142,151,139,nan,an upright neutral posture
514507455,nan,nan,96,64,165,165,nan,nan,nan,nan,nan,nan,nan,nan,nan,nan,nan,nan,nan,nan,nan,an upright neutral posture
514507465,nan,nan,nan,nan,nan,nan,nan,nan,nan,nan,nan,nan,nan,nan,nan,nan,nan,nan,nan,nan,101,an upright neutral posture
514507535,nan,nan,96,63,167,164,nan,nan,nan,nan,nan,nan,nan,nan,nan,nan,nan,nan,nan,nan,nan,an upright neutral posture
514507615,nan,nan,nan,nan,nan,nan,nan,nan,nan,nan,118,105,152,103,137,125,123,144,152,142,nan,an upright neutral posture
514507665,nan,nan,nan,nan,nan,nan,648,643,644,649,nan,nan,nan,nan,nan,nan,nan,nan,nan,nan,nan,an upright neutral posture
514507675,nan,nan,nan,nan,nan,nan,727,728,726,727,nan,nan,nan,nan,nan,nan,nan,nan,nan,nan,nan,an upright neutral posture
514507685,646,727,nan,nan,nan,nan,nan,nan,nan,nan,nan,nan,nan,nan,nan,nan,nan,nan,nan,nan,nan,an upright neutral posture
514507705,nan,nan,98,66,168,168,nan,nan,nan,nan,nan,nan,nan,nan,nan,nan,nan,nan,nan,nan,nan,an upright neutral posture
514507785,nan,nan,nan,nan,nan,nan,nan,nan,nan,nan,117,106,151,102,135,122,125,143,151,140,nan,an upright neutral posture
514507855,nan,nan,nan,nan,nan,nan,nan,nan,nan,nan,118,105,151,102,137,123,124,141,151,139,nan,an upright neutral posture
514507935,nan,nan,nan,nan,nan,nan,nan,nan,nan,nan,118,105,151,102,137,123,124,141,151,138,nan,an upright neutral posture
514508015,nan,nan,nan,nan,nan,nan,nan,nan,nan,nan,119,109,151,104,137,124,125,144,153,141,nan,an upright neutral posture
514508095,nan,nan,nan,nan,nan,nan,nan,nan,nan,nan,118,108,150,104,137,125,125,144,153,141,nan,an upright neutral posture
514508165,nan,nan,nan,nan,nan,nan,648,643,644,641,nan,nan,nan,nan,nan,nan,nan,nan,nan,nan,nan,an upright neutral posture
514508175,nan,nan,nan,nan,nan,nan,727,728,726,727,nan,nan,nan,nan,nan,nan,nan,nan,nan,nan,nan,an upright neutral posture
514508185,nan,nan,97,65,167,167,nan,nan,nan,nan,116,106,151,104,134,121,120,143,149,142,nan,an upright neutral posture
514508265,nan,nan,100,69,166,168,nan,nan,nan,nan,nan,nan,nan,nan,nan,nan,nan,nan,nan,nan,103,an upright neutral posture
514508365,nan,nan,nan,nan,nan,nan,nan,nan,nan,nan,nan,nan,nan,nan,nan,nan,nan,nan,nan,nan,103,an upright neutral posture
514508415,nan,nan,99,68,167,170,nan,nan,nan,nan,nan,nan,nan,nan,nan,nan,nan,nan,nan,nan,nan,an upright neutral posture
514508495,nan,nan,nan,nan,nan,nan,nan,nan,nan,nan,118,106,152,102,138,123,127,145,153,142,nan,an upright neutral posture
514508585,nan,nan,nan,nan,nan,nan,nan,nan,nan,nan,119,105,150,102,138,124,126,143,151,141,nan,an upright neutral posture
514508655,nan,nan,nan,nan,nan,nan,nan,nan,nan,nan,118,107,150,104,136,124,125,142,150,140,nan,an upright neutral posture
514508675,nan,nan,nan,nan,nan,nan,640,643,644,641,nan,nan,nan,nan,nan,nan,nan,nan,nan,nan,nan,an upright neutral posture
514508685,nan,nan,nan,nan,nan,nan,725,728,726,727,nan,nan,nan,nan,nan,nan,nan,nan,nan,nan,nan,an upright neutral posture
514508695,642,727,nan,nan,nan,nan,nan,nan,nan,nan,nan,nan,nan,nan,nan,nan,nan,nan,nan,nan,nan,an upright neutral posture
514508745,nan,nan,nan,nan,nan,nan,nan,nan,nan,nan,119,107,150,103,137,124,126,143,150,141,nan,an upright neutral posture
514508815,nan,nan,98,66,169,169,nan,nan,nan,nan,nan,nan,nan,nan,nan,nan,nan,nan,nan,nan,nan,an upright neutral posture
514508895,nan,nan,nan,nan,nan,nan,nan,nan,nan,nan,118,106,150,103,139,124,126,144,152,141,nan,an upright neutral posture
514508985,nan,nan,nan,nan,nan,nan,nan,nan,nan,nan,121,107,153,103,141,125,129,145,156,141,nan,an upright neutral posture
514509055,nan,nan,nan,nan,nan,nan,nan,nan,nan,nan,119,108,152,103,137,126,125,144,154,140,nan,an upright neutral posture
514509165,nan,nan,nan,nan,nan,nan,nan,nan,nan,nan,nan,nan,nan,nan,nan,nan,nan,nan,nan,nan,nan,an upright neutral posture
514509375,nan,nan,101,69,168,168,nan,nan,nan,nan,nan,nan,nan,nan,nan,nan,nan,nan,nan,nan,nan,an upright neutral posture
514509455,nan,nan,nan,nan,nan,nan,nan,nan,nan,nan,120,107,153,104,139,127,125,144,154,141,nan,an upright neutral posture
514509535,nan,nan,99,66,169,168,nan,nan,nan,nan,nan,nan,nan,nan,nan,nan,nan,nan,nan,nan,nan,an upright neutral posture
514509615,nan,nan,nan,nan,nan,nan,nan,nan,nan,nan,123,107,154,105,141,126,127,144,153,143,nan,an upright neutral posture
514509665,nan,nan,nan,nan,nan,nan,640,637,634,641,nan,nan,nan,nan,nan,nan,nan,nan,nan,nan,nan,an upright neutral posture
514509675,nan,nan,nan,nan,nan,nan,725,726,724,727,nan,nan,nan,nan,nan,nan,nan,nan,nan,nan,nan,an upright neutral posture
514509685,638,726,nan,nan,nan,nan,nan,nan,nan,nan,nan,nan,nan,nan,nan,nan,nan,nan,nan,nan,nan,an upright neutral posture
514509705,nan,nan,98,67,170,168,nan,nan,nan,nan,nan,nan,nan,nan,nan,nan,nan,nan,nan,nan,nan,an upright neutral posture
514509775,nan,nan,100,67,169,168,nan,nan,nan,nan,nan,nan,nan,nan,nan,nan,nan,nan,nan,nan,nan,an upright neutral posture
514509855,nan,nan,nan,nan,nan,nan,nan,nan,nan,nan,119,107,150,104,138,125,127,145,153,142,nan,an upright neutral posture
514509935,nan,nan,100,67,170,169,nan,nan,nan,nan,nan,nan,nan,nan,nan,nan,nan,nan,nan,nan,nan,an upright neutral posture
514510015,nan,nan,100,69,168,167,nan,nan,nan,nan,nan,nan,nan,nan,nan,nan,nan,nan,nan,nan,nan,an upright neutral posture
514510095,nan,nan,99,68,168,168,nan,nan,nan,nan,nan,nan,nan,nan,nan,nan,nan,nan,nan,nan,nan,an upright neutral posture
514510165,nan,nan,nan,nan,nan,nan,640,637,634,634,nan,nan,nan,nan,nan,nan,nan,nan,nan,nan,nan,an upright neutral posture
514510175,nan,nan,nan,nan,nan,nan,725,726,724,724,nan,nan,nan,nan,nan,nan,nan,nan,nan,nan,nan,an upright neutral posture
514510185,636,725,nan,nan,nan,nan,nan,nan,nan,nan,nan,nan,nan,nan,nan,nan,nan,nan,nan,nan,nan,an upright neutral posture
514510265,nan,nan,nan,nan,nan,nan,nan,nan,nan,nan,119,107,153,104,138,127,125,145,152,143,nan,an upright neutral posture
514510335,nan,nan,100,70,169,170,nan,nan,nan,nan,nan,nan,nan,nan,nan,nan,nan,nan,nan,nan,nan,an upright neutral posture
514510415,nan,nan,nan,nan,nan,nan,nan,nan,nan,nan,119,107,154,103,141,124,127,145,154,141,nan,an upright neutral posture
514510495,nan,nan,99,68,169,167,nan,nan,nan,nan,nan,nan,nan,nan,nan,nan,nan,nan,nan,nan,nan,an upright neutral posture
514510575,nan,nan,nan,nan,nan,nan,nan,nan,nan,nan,119,108,154,104,139,127,127,146,152,143,nan,an upright neutral posture
514510655,nan,nan,nan,nan,nan,nan,nan,nan,nan,nan,118,109,151,107,137,125,126,146,151,144,nan,an upright neutral posture
514510675,nan,nan,nan,nan,nan,nan,632,637,634,634,nan,nan,nan,nan,nan,nan,nan,nan,nan,nan,nan,an upright neutral posture
514510685,nan,nan,nan,nan,nan,nan,725,726,724,724,nan,nan,nan,nan,nan,nan,nan,nan,nan,nan,nan,an upright neutral posture
514510695,634,725,nan,nan,nan,nan,nan,nan,nan,nan,nan,nan,nan,nan,nan,nan,nan,nan,nan,nan,nan,an upright neutral posture
514510745,nan,nan,99,68,168,168,nan,nan,nan,nan,nan,nan,nan,nan,nan,nan,nan,nan,nan,nan,nan,an upright neutral posture
514510815,nan,nan,nan,nan,nan,nan,nan,nan,nan,nan,119,108,153,104,140,126,128,146,153,143,nan,an upright neutral posture
514510895,nan,nan,nan,nan,nan,nan,nan,nan,nan,nan,118,108,153,104,140,126,127,146,153,142,nan,an upright neutral posture
514510975,nan,nan,nan,nan,nan,nan,nan,nan,nan,nan,119,108,152,105,137,124,125,145,151,142,nan,an upright neutral posture
514511055,nan,nan,nan,nan,nan,nan,nan,nan,nan,nan,118,109,154,105,138,126,126,147,152,145,nan,an upright neutral posture
514511135,nan,nan,nan,nan,nan,nan,nan,nan,nan,nan,119,109,152,106,138,125,127,146,152,143,nan,an upright neutral posture
514511165,nan,nan,nan,nan,nan,nan,632,631,634,634,nan,nan,nan,nan,nan,nan,nan,nan,nan,nan,nan,an upright neutral posture
514511175,nan,nan,nan,nan,nan,nan,725,724,724,724,nan,nan,nan,nan,nan,nan,nan,nan,nan,nan,nan,an upright neutral posture
514511185,633,724,nan,nan,nan,nan,nan,nan,nan,nan,nan,nan,nan,nan,nan,nan,nan,nan,nan,nan,nan,an upright neutral posture
514511225,nan,nan,nan,nan,nan,nan,nan,nan,nan,nan,119,107,153,104,139,125,127,146,152,143,nan,an upright neutral posture
514511295,nan,nan,nan,nan,nan,nan,nan,nan,nan,nan,119,110,153,105,140,126,126,147,154,143,nan,an upright neutral posture
514511375,nan,nan,nan,nan,nan,nan,nan,nan,nan,nan,120,108,155,105,141,124,124,145,155,142,nan,an upright neutral posture
514511455,nan,nan,100,69,169,168,nan,nan,nan,nan,nan,nan,nan,nan,nan,nan,nan,nan,nan,nan,nan,an upright neutral posture
514511465,nan,nan,nan,nan,nan,nan,nan,nan,nan,nan,nan,nan,nan,nan,nan,nan,nan,nan,nan,nan,111,an upright neutral posture
514511535,nan,nan,101,67,167,167,nan,nan,nan,nan,nan,nan,nan,nan,nan,nan,nan,nan,nan,nan,nan,an upright neutral posture
514511615,nan,nan,101,69,169,166,nan,nan,nan,nan,nan,nan,nan,nan,nan,nan,nan,nan,nan,nan,nan,an upright neutral posture
514511665,nan,nan,nan,nan,nan,nan,632,631,634,634,nan,nan,nan,nan,nan,nan,nan,nan,nan,nan,nan,an upright neutral posture
514511675,nan,nan,nan,nan,nan,nan,725,724,724,724,nan,nan,nan,nan,nan,nan,nan,nan,nan,nan,nan,an upright neutral posture
514511685,633,724,nan,nan,nan,nan,nan,nan,nan,nan,nan,nan,nan,nan,nan,nan,nan,nan,nan,nan,nan,an upright neutral posture
514511705,nan,nan,101,69,167,170,nan,nan,nan,nan,nan,nan,nan,nan,nan,nan,nan,nan,nan,nan,nan,an upright neutral posture
514511855,nan,nan,nan,nan,nan,nan,nan,nan,nan,nan,120,108,154,105,140,126,128,146,153,143,nan,an upright neutral posture
514511935,nan,nan,nan,nan,nan,nan,nan,nan,nan,nan,118,107,152,104,137,125,123,144,152,141,nan,an upright neutral posture
514511965,nan,nan,nan,nan,nan,nan,nan,nan,nan,nan,nan,nan,nan,nan,nan,nan,nan,nan,nan,nan,111,an upright neutral posture
514512015,nan,nan,nan,nan,nan,nan,nan,nan,nan,nan,118,107,151,104,136,125,123,143,151,142,nan,an upright neutral posture
514512095,nan,nan,nan,nan,nan,nan,nan,nan,nan,nan,119,110,153,106,139,126,126,147,153,144,nan,an upright neutral posture
514512165,nan,nan,nan,nan,nan,nan,632,631,634,633,nan,nan,nan,nan,nan,nan,nan,nan,nan,nan,nan,an upright neutral posture
514512175,nan,nan,nan,nan,nan,nan,725,724,724,723,nan,nan,nan,nan,nan,nan,nan,nan,nan,nan,nan,an upright neutral posture
514512185,633,724,nan,nan,nan,nan,nan,nan,nan,nan,nan,nan,nan,nan,nan,nan,nan,nan,nan,nan,nan,an upright neutral posture
514512265,nan,nan,nan,nan,nan,nan,nan,nan,nan,nan,119,107,152,104,138,124,127,146,152,143,nan,an upright neutral posture
514512335,nan,nan,97,68,166,168,nan,nan,nan,nan,nan,nan,nan,nan,nan,nan,nan,nan,nan,nan,nan,an upright neutral posture
514512415,nan,nan,nan,nan,nan,nan,nan,nan,nan,nan,118,108,150,105,136,127,125,146,150,143,nan,an upright neutral posture
514512465,nan,nan,nan,nan,nan,nan,nan,nan,nan,nan,nan,nan,nan,nan,nan,nan,nan,nan,nan,nan,111,an upright neutral posture
514512495,nan,nan,nan,nan,nan,nan,nan,nan,nan,nan,115,109,150,105,136,128,126,147,152,144,nan,an upright neutral posture
514512575,nan,nan,nan,nan,nan,nan,nan,nan,nan,nan,118,108,150,106,134,126,124,146,150,146,nan,an upright neutral posture
514512655,nan,nan,98,71,167,171,nan,nan,nan,nan,nan,nan,nan,nan,nan,nan,nan,nan,nan,nan,nan,an upright neutral posture
514512665,nan,nan,nan,nan,nan,nan,nan,nan,nan,nan,nan,nan,nan,nan,nan,nan,nan,nan,nan,nan,nan,an upright neutral posture
514512685,nan,nan,nan,nan,nan,nan,nan,nan,nan,nan,nan,nan,nan,nan,nan,nan,nan,nan,nan,nan,nan,an upright neutral posture
514512705,nan,nan,nan,nan,nan,nan,nan,nan,nan,nan,nan,nan,nan,nan,nan,nan,nan,nan,nan,nan,110,an upright neutral posture
514512745,nan,nan,99,69,167,170,nan,nan,nan,nan,nan,nan,nan,nan,nan,nan,nan,nan,nan,nan,nan,an upright neutral posture
514512815,nan,nan,nan,nan,nan,nan,nan,nan,nan,nan,116,108,152,105,137,127,123,146,150,144,nan,an upright neutral posture
514512865,nan,nan,nan,nan,nan,nan,nan,nan,nan,nan,nan,nan,nan,nan,nan,nan,nan,nan,nan,nan,110,an upright neutral posture
514512895,nan,nan,nan,nan,nan,nan,nan,nan,nan,nan,116,107,151,105,135,125,124,146,149,144,nan,an upright neutral posture
514512975,nan,nan,nan,nan,nan,nan,nan,nan,nan,nan,116,108,151,105,136,126,123,145,150,142,nan,an upright neutral posture
514513055,nan,nan,98,68,169,171,nan,nan,nan,nan,nan,nan,nan,nan,nan,nan,nan,nan,nan,nan,nan,an upright neutral posture
514513065,nan,nan,nan,nan,nan,nan,nan,nan,nan,nan,nan,nan,nan,nan,nan,nan,nan,nan,nan,nan,110,an upright neutral posture
514513135,nan,nan,98,69,168,171,nan,nan,nan,nan,nan,nan,nan,nan,nan,nan,nan,nan,nan,nan,nan,an upright neutral posture
514513165,nan,nan,nan,nan,nan,nan,nan,nan,nan,nan,nan,nan,nan,nan,nan,nan,nan,nan,nan,nan,nan,an upright neutral posture
514513185,nan,nan,nan,nan,nan,nan,nan,nan,nan,nan,nan,nan,nan,nan,nan,nan,nan,nan,nan,nan,111,an upright neutral posture
514513225,nan,nan,98,67,168,171,nan,nan,nan,nan,nan,nan,nan,nan,nan,nan,nan,nan,nan,nan,nan,an upright neutral posture
514513295,nan,nan,nan,nan,nan,nan,nan,nan,nan,nan,117,108,152,104,137,126,124,146,150,142,nan,an upright neutral posture
